<?xml version="1.0" encoding="utf-8" ?>
<dwsync>
<file name="background.png" server="z:/htdocs/" local="129338456820000000" remote="129338456820000000" />
<file name="dev7logo.png" server="z:/htdocs/" local="129338445960000000" remote="129338445960000000" />
<file name="slider.png" server="z:/htdocs/" local="129338395320000000" remote="129338395320000000" />
<file name="loading.gif" server="z:/htdocs/" local="129339322400000000" remote="129339322400000000" />
<file name="bullets.png" server="z:/htdocs/" local="129338523500000000" remote="129338523500000000" />
<file name="arrows.png" server="z:/htdocs/" local="129185853240000000" remote="129185853240000000" />
<file name="toystory.jpg" server="z:/htdocs/" local="129338510340000000" remote="129338510340000000" />
<file name="up.jpg" server="z:/htdocs/" local="129338509480000000" remote="129338509480000000" />
<file name="walle.jpg" server="z:/htdocs/" local="129338512040000000" remote="129338512040000000" />
<file name="nemo.jpg" server="z:/htdocs/" local="129338514140000000" remote="129338514140000000" />
</dwsync>